{
    "largeur" : 10,
    "hauteur" : 10,
    "debut" : [{
        "x" : 5,
        "y" : 4,
        "direction" : "BAS"
    }],
    "cases" : [
        {
            "x" : 8,
            "y" : 8,
            "type" : "TROU"
        },
        {
            "x" : 1,
            "y" : 1,
            "type" : "BILLE"
        },
        {
            "x" : 1,
            "y" : 0,
            "type" : "BLOC"
        },
        {
            "x" : 0,
            "y" : 1,
            "type" : "BLOC"
        },
        {
            "x" : 2,
            "y" : 1,
            "type" : "BLOC"
        },
        {
            "x" : 1,
            "y" : 2,
            "type" : "CAISSE"
        }
    ]
}
